{
    "tags": [
        {
            "l": "Normal",
            "e": true,
            "ta": "2024-11-29T10:56:25.635Z"
        },
        {
            "l": "Normal",
            "e": false,
            "ta": "2024-11-29T10:58:43.286Z"
        },
        {
            "l": "Fault",
            "e": true,
            "ta": "2024-11-29T10:59:09.440Z"
        },
        {
            "l": "Fault",
            "e": false,
            "ta": "2024-11-29T11:02:52.234Z"
        }
    ],
    "name": "STWIN.Box_acquisition",
    "description": "",
    "uuid": "52080f27-7666-491c-94c8-035811ad5959",
    "start_time": "2024-11-29T10:56:23.000Z",
    "end_time": "2024-11-29T11:03:07.903Z",
    "data_ext": ".dat",
    "data_fmt": "HSD_2.0.0",
    "interface": 1,
    "schema_version": "2.0.0",
    "c_type": 2
}