{
    "schema_version": "2.2.0",
    "uuid": "52080f27-7666-491c-94c8-035811ad5959",
    "devices": [
        {
            "board_id": 14,
            "fw_id": 29,
            "protocol_id": 2,
            "sn": "004C00235752501820353339",
            "pnpl_responses": true,
            "pnpl_ble_responses": false,
            "components": [
                {
                    "slow_mc_telemetries": {
                        "usb_dps": 28,
                        "sd_dps": 48,
                        "enable": true,
                        "data_type": "int32",
                        "st_ble_stream": {
                            "id": 1,
                            "temperature": {
                                "enable": true,
                                "unit": "Celsius",
                                "format": "int32_t"
                            },
                            "ref_speed": {
                                "enable": true,
                                "unit": "rpm",
                                "format": "int32_t"
                            },
                            "speed": {
                                "enable": true,
                                "unit": "rpm",
                                "format": "int32_t",
                                "max": 4000,
                                "initial_value": 1440
                            },
                            "bus_voltage": {
                                "enable": true,
                                "unit": "V",
                                "format": "int32_t"
                            },
                            "fault": {
                                "enable": true,
                                "unit": "",
                                "format": "int32_t"
                            }
                        },
                        "c_type": 3,
                        "stream_id": 4,
                        "ep_id": 4
                    }
                },
                {
                    "fast_mc_telemetries": {
                        "usb_dps": 2048,
                        "sd_dps": 13312,
                        "enable": true,
                        "data_type": "int16",
                        "dim": 1020,
                        "i_q": {
                            "enabled": false,
                            "unit": ""
                        },
                        "i_d": {
                            "enabled": false,
                            "unit": ""
                        },
                        "i_q_ref": {
                            "enabled": true,
                            "unit": ""
                        },
                        "i_d_ref": {
                            "enabled": false,
                            "unit": ""
                        },
                        "v_q": {
                            "enabled": false,
                            "unit": ""
                        },
                        "v_d": {
                            "enabled": false,
                            "unit": ""
                        },
                        "i_a": {
                            "enabled": false,
                            "unit": ""
                        },
                        "i_b": {
                            "enabled": false,
                            "unit": ""
                        },
                        "v_a": {
                            "enabled": false,
                            "unit": ""
                        },
                        "v_b": {
                            "enabled": false,
                            "unit": ""
                        },
                        "sensitivity": {
                            "voltage": 0.0002114385279128328,
                            "current": 0.00025177001953125,
                            "frequency": 0.14024047553539276
                        },
                        "c_type": 3,
                        "stream_id": 3,
                        "ep_id": 3
                    }
                },
                {
                    "iis3dwb_acc": {
                        "odr": 0,
                        "fs": 3,
                        "enable": true,
                        "samples_per_ts": 1000,
                        "dim": 3,
                        "ioffset": 0.18385034799575806,
                        "measodr": 26630.880859375,
                        "usb_dps": 7000,
                        "sd_dps": 53248,
                        "sensitivity": 0.0004879999905824661,
                        "data_type": "int16",
                        "sensor_annotation": "",
                        "sensor_category": 0,
                        "c_type": 0,
                        "stream_id": 0,
                        "ep_id": 0
                    }
                },
                {
                    "ilps22qs_press": {
                        "odr": 7,
                        "fs": 1,
                        "enable": true,
                        "samples_per_ts": 200,
                        "dim": 1,
                        "ioffset": 0.1865331381559372,
                        "measodr": 208.3428192138672,
                        "usb_dps": 40,
                        "sd_dps": 512,
                        "sensitivity": 1,
                        "data_type": "float",
                        "sensor_annotation": "",
                        "sensor_category": 0,
                        "c_type": 0,
                        "stream_id": 5,
                        "ep_id": 4
                    }
                },
                {
                    "imp23absu_mic": {
                        "odr": 4,
                        "aop": 0,
                        "enable": false,
                        "volume": 100,
                        "resolution": 0,
                        "samples_per_ts": 1000,
                        "dim": 1,
                        "ioffset": 0.30030137300491333,
                        "usb_dps": 7000,
                        "sd_dps": 126976,
                        "sensitivity": 3.0517578125e-05,
                        "data_type": "int16",
                        "sensor_annotation": "",
                        "sensor_category": 1,
                        "c_type": 0,
                        "stream_id": -1,
                        "ep_id": -1
                    }
                },
                {
                    "ism330dhcx_acc": {
                        "odr": 9,
                        "fs": 3,
                        "enable": true,
                        "samples_per_ts": 1000,
                        "dim": 3,
                        "ioffset": 0.21396540105342865,
                        "measodr": 6859.0048828125,
                        "usb_dps": 2000,
                        "sd_dps": 13312,
                        "sensitivity": 0.0004879999905824661,
                        "data_type": "int16",
                        "sensor_annotation": "",
                        "sensor_category": 0,
                        "c_type": 0,
                        "stream_id": 2,
                        "ep_id": 2
                    }
                },
                {
                    "ism330dhcx_gyro": {
                        "odr": 9,
                        "fs": 5,
                        "enable": true,
                        "samples_per_ts": 1000,
                        "dim": 3,
                        "ioffset": 0.21396540105342865,
                        "measodr": 6859.0048828125,
                        "usb_dps": 2000,
                        "sd_dps": 13312,
                        "sensitivity": 0.14000000059604645,
                        "data_type": "int16",
                        "sensor_annotation": "",
                        "sensor_category": 0,
                        "c_type": 0,
                        "stream_id": 1,
                        "ep_id": 1
                    }
                },
                {
                    "stts22h_temp": {
                        "odr": 4,
                        "fs": 0,
                        "enable": true,
                        "samples_per_ts": 200,
                        "dim": 1,
                        "ioffset": 0.16553308069705963,
                        "measodr": 199.98300170898438,
                        "usb_dps": 40,
                        "sd_dps": 512,
                        "sensitivity": 1,
                        "data_type": "float",
                        "sensor_annotation": "",
                        "sensor_category": 0,
                        "c_type": 0,
                        "stream_id": 6,
                        "ep_id": 4
                    }
                },
                {
                    "log_controller": {
                        "log_status": false,
                        "sd_mounted": false,
                        "controller_type": 0,
                        "c_type": 2
                    }
                },
                {
                    "motor_controller": {
                        "motor_status": false,
                        "motor_speed": 1440,
                        "control_stage": "EVLSPIN32G4-ACT",
                        "power_stage": "EVLSPIN32G4-ACT",
                        "motor_name": "LIN ENGINEERING",
                        "mcwb_sdk_version": "6.3.2.0",
                        "pwm_frequency": 20000,
                        "ramp_speed": 1440,
                        "max_speed": 4000,
                        "mcp_configured": true,
                        "c_type": 2
                    }
                },
                {
                    "tags_info": {
                        "max_tags_num": 100,
                        "sw_tag0": {
                            "label": "Normal",
                            "enabled": true,
                            "status": false
                        },
                        "sw_tag1": {
                            "label": "Fault",
                            "enabled": true,
                            "status": false
                        },
                        "sw_tag2": {
                            "label": "SW_TAG_2",
                            "enabled": true,
                            "status": false
                        },
                        "sw_tag3": {
                            "label": "SW_TAG_3",
                            "enabled": true,
                            "status": false
                        },
                        "sw_tag4": {
                            "label": "SW_TAG_4",
                            "enabled": true,
                            "status": false
                        },
                        "c_type": 2
                    }
                },
                {
                    "firmware_info": {
                        "alias": "STWIN_BOX_001",
                        "fw_name": "FP-IND-DATALOGMC_DatalogMC",
                        "fw_version": "2.0.0",
                        "part_number": "FP-IND-DATALOGMC",
                        "device_url": "https://www.st.com/stwinbox",
                        "fw_url": "https://github.com/STMicroelectronics/fp-ind-datalogmc",
                        "mac_address": "ff:d8:38:ba:92:1d",
                        "c_type": 2
                    }
                },
                {
                    "DeviceInformation": {
                        "manufacturer": "STMicroelectronics",
                        "model": "STEVAL-STWINBX1",
                        "swVersion": "2.0.0",
                        "osName": "AzureRTOS",
                        "processorArchitecture": "ARM Cortex-M33",
                        "processorManufacturer": "STMicroelectronics",
                        "totalStorage": 0,
                        "totalMemory": 784
                    }
                }
            ]
        }
    ]
}